date,block,elapsed_seconds,debt,sub_usds,nav,syrup_value,alm_usds,alm_usdc,tab,gain,owe,gap,daily_tab,daily_gain,daily_owe,pipeline_daily_sky
2026-08-01,25663469,86400,399995772,23759786,402314473.582872402184,402314473.164299402184,0,0.418573,40105.093075253220766135,53011.53707691623,2382.246252788138023654,0,40105.093075253220766135,53011.53707691623,2382.246252788138023654,40157.99470349179393039943012
2026-08-02,25670641,86400,399995772,23759786,402367143.110032693148,402367142.691459693148,0,0.418573,80210.186150506683008166,105681.064237207194,4764.492505576290390998,0,40105.093075253462242031,52669.527160290964,2382.246252788152367344,40157.99470349179393039943012
2026-08-03,25677819,86400,399995772,23759786,402419470.627276358846,402419470.208703358846,0,0.418573,120315.279225760285193913,158008.581480872892,7146.738758364451071012,0,40105.093075253602185747,52327.517243665698,2382.246252788160680014,40157.99470349179393039943012
2026-08-04,25684999,86400,399995772,23759786,402470772.114770148746,402470771.696197148746,0,0.418573,160420.372301013501116475,209310.068974662792,9528.985011152588806957,0,40105.093075253215922562,51301.4874937899,2382.246252788137735945,40157.99470349179393039943012
2026-08-05,25692172,86400,399995772,23759786,402521731.59234731338,402521731.17377431338,0,0.418573,200525.465376266824680262,260269.546551827426,11911.231263940732936801,0,40105.093075253323563787,50959.477577164634,2382.246252788144129844,40157.99470349179393039943012
2026-08-06,25699361,86400,399995772,23759786,402573717.099674353812,402573716.681101353812,0,0.418573,240630.558451520318852139,312255.053878867858,14293.477516728887200781,0,40105.093075253494171877,51985.507327040432,2382.24625278815426398,40157.99470349179393039943012
2026-08-07,25706531,86400,399995772,23759786,402625360.597084768978,402625360.178511768978,0,0.418573,280735.651526773612806632,363898.551289283024,16675.72376951702957183,0,40105.093075253293954493,51643.497410415166,2382.246252788142371049,40157.99470349179393039943012
2026-08-08,25713689,86400,399995772,23759786,402677346.10441180941,402677345.68583880941,0,0.418573,320840.74460202698449666,415884.058616323456,19057.970022305176560377,0,40105.093075253371690028,51985.507327040432,2382.246252788146988547,40157.99470349179393039943012
2026-08-09,25720867,86400,399995772,23759786,402729673.621655475108,402729673.203082475108,0,0.418573,360945.837677280633739659,468211.575859989154,21440.216275093340035596,0,40105.093075253649242999,52327.517243665698,2382.246252788163475219,40157.99470349179393039943012
2026-08-10,25728039,86400,399995772,23759786,402782001.138899140806,402782000.720326140806,0,0.418573,401050.930752533955716696,520539.093103654852,23822.462527881484071187,0,40105.093075253321977037,52327.517243665698,2382.246252788144035591,40157.99470349179393039943012
2026-08-11,25735200,86400,399995772,23759786,402833986.646226181238,402833986.227653181238,0,0.418573,441156.023827787346820697,572524.600430695284,26204.708780669632212926,0,40105.093075253391104001,51985.507327040432,2382.246252788148141739,40157.99470349179393039943012
2026-08-12,25742366,86400,399995772,23759786,402885972.15355322167,402885971.73498022167,0,0.418573,481261.116903040754439486,624510.107757735716,28586.955033457781335645,0,40105.093075253407618789,51985.507327040432,2382.246252788149122719,40157.99470349179393039943012
2026-08-13,25749550,86400,399995772,23759786,402937615.650963636836,402937615.232390636836,0,0.418573,521366.209978294035746188,676153.605168150882,30969.201286245922955414,0,40105.093075253281306702,51643.497410415166,2382.246252788141619769,40157.99470349179393039943012
2026-08-14,25756720,86400,399995772,23759786,402989601.158290677268,402989600.739717677268,0,0.418573,561471.303053547677887724,728139.112495191314,33351.447539034086008806,0,40105.093075253642141536,51985.507327040432,2382.246252788163053392,40157.99470349179393039943012
2026-08-15,25763887,86400,399995772,23759786,403041244.655701092434,403041244.237128092434,0,0.418573,601576.396128800986786941,779782.60990560648,35733.693791822229267573,0,40105.093075253308899217,51643.497410415166,2382.246252788143258767,40157.99470349179393039943012
2026-08-16,25771073,86400,399995772,23759786,403093230.163028132866,403093229.744455132866,0,0.418573,641681.489204054253846229,831768.117232646912,38115.940044610370041044,0,40105.093075253267059288,51985.507327040432,2382.246252788140773471,40157.99470349179393039943012
2026-08-17,25778250,86400,402531740,24676522,403144873.660438548032,403144873.241865548032,0,0.418573,682040.848048586509825322,883411.614643062078,40498.186297398519547367,-2535968,40359.358844532255979093,51643.497410415166,2382.246252788149506323,40412.59586840666877480175341
2026-08-18,25785424,86400,402531740,24676522,403196859.167765588464,403196858.749192588464,0,0.418573,722400.206893118997584129,935397.12197010251,42972.34797824634663771,-2535968,40359.358844532487758807,51985.507327040432,2474.161680847827090343,40412.59586840666877480175341
2026-08-19,25792601,86400,402531740,24676522,403248502.66517600363,403248502.24660300363,0,0.418573,762759.565737650964255181,987040.619380517676,45446.509659094141783656,-2535968,40359.358844531966671052,51643.497410415166,2474.161680847795145946,40412.59586840666877480175341
2026-08-20,25799779,86400,402531740,24676522,403300830.182419669328,403300829.763846669328,0,0.418573,803118.924582183363407676,1039368.136624183374,47920.67133994196344214,-2535968,40359.358844532399152495,52327.517243665698,2474.161680847821658484,40412.59586840666877480175341
2026-08-21,25806958,86400,402531740,24676522,403352815.68974670976,403352815.27117370976,0,0.418573,843478.283426715578278566,1091353.643951223806,50394.833020789773803554,-2535968,40359.35884453221487089,51985.507327040432,2474.161680847810361414,40412.59586840666877480175341
2026-08-22,25814126,86400,402531740,24676522,403405485.216907000724,403405484.798334000724,0,0.418573,883837.642271247964771883,1144023.17111151477,52868.994701637594685988,-2535968,40359.358844532386493317,52669.527160290964,2474.161680847820882434,40412.59586840666877480175341
2026-08-23,25821305,86400,402531740,24676522,403457812.734150666422,403457812.315577666422,0,0.418573,924197.001115780029996385,1196350.688355180468,55343.156382485395873585,-2535968,40359.358844532065224502,52327.517243665698,2474.161680847801187597,40412.59586840666877480175341
2026-08-24,25828483,86400,402531740,24676522,403510482.261310957386,403510481.842737957386,0,0.418573,964556.359960312247340234,1249020.215515471432,57817.3180633332063866,-2535968,40359.358844532217343849,52669.527160290964,2474.161680847810513015,40412.59586840666877480175341
2026-08-25,25835657,86400,402531740,24676522,403563151.78847124835,403563151.36989824835,0,0.418573,1004915.718804844598871939,1301689.742675762396,60291.479744181025125772,-2535968,40359.358844532351531705,52669.527160290964,2474.161680847818739172,40412.59586840666877480175341
2026-08-26,25842829,86400,402531740,24676522,403620951.464380918304,403620951.045807918304,0,0.418573,1045275.077649376935976047,1359489.41858543235,62765.641425028842980485,-2535968,40359.358844532337104108,57799.675909669954,2474.161680847817854713,40412.59586840666877480175341
2026-08-27,25850009,86400,402531740,24676522,403674305.0113744598,403674304.5928014598,0,0.418573,1085634.436493908976336718,1412842.965578973846,65239.803105876642643848,-2535968,40359.358844532040360671,53353.546993541496,2474.161680847799663363,40412.59586840666877480175341
2026-08-28,25857181,86400,402531740,24676522,403728342.578201251828,403728342.159628251828,0,0.418573,1125993.795338441391159841,1466880.532405765874,67713.964786724465262993,-2535968,40359.358844532414823123,54037.566826792028,2474.161680847822619145,40412.59586840666877480175341
2026-08-29,25864358,86400,402531740,24676522,403784774.214444420718,403784773.795871420718,0,0.418573,1166353.154182973621375315,1523312.168648934764,70188.126467572276565081,-2535968,40359.358844532230215474,56431.63624316889,2474.161680847811302088,40412.59586840666877480175341
2026-08-30,25871535,86400,402531740,24676522,403838811.781271212746,403838811.362698212746,0,0.418573,1206712.513027505691859055,1577349.735475726792,72662.288148420078075087,-2535968,40359.35884453207048374,54037.566826792028,2474.161680847801510006,40412.59586840666877480175341
2026-08-31,25878704,86400,402531740,24676522,403893191.35801463004,403893190.93944163004,0,0.418573,1247071.87187203784476892,1631729.312219144086,75136.449829267884638086,-2535968,40359.358844532152909865,54379.576743417294,2474.161680847806562999,40412.59586840666877480175341
